--
-- PostgreSQL database dump
--

\restrict hZ1rUfv0fZxpcTGiY2Z86Qo92dF4tRiOz3OKTIfPIjFLli8qwWz1KHBoindk9Pd

-- Dumped from database version 17.6 (Debian 17.6-1.pgdg13+1)
-- Dumped by pg_dump version 17.6 (Debian 17.6-1.pgdg13+1)

SET statement_timeout = 0;
SET lock_timeout = 0;
SET idle_in_transaction_session_timeout = 0;
SET transaction_timeout = 0;
SET client_encoding = 'UTF8';
SET standard_conforming_strings = on;
SELECT pg_catalog.set_config('search_path', '', false);
SET check_function_bodies = false;
SET xmloption = content;
SET client_min_messages = warning;
SET row_security = off;

SET default_tablespace = '';

SET default_table_access_method = heap;

--
-- Name: comment; Type: TABLE; Schema: public; Owner: admin
--

CREATE TABLE public.comment (
    id bigint NOT NULL,
    content character varying(255) NOT NULL,
    created_at timestamp(6) without time zone NOT NULL,
    owner_id character varying(255) NOT NULL,
    parent_id bigint,
    post_id bigint,
    updated_at timestamp(6) without time zone NOT NULL
);


ALTER TABLE public.comment OWNER TO admin;

--
-- Name: comment_id_seq; Type: SEQUENCE; Schema: public; Owner: admin
--

ALTER TABLE public.comment ALTER COLUMN id ADD GENERATED BY DEFAULT AS IDENTITY (
    SEQUENCE NAME public.comment_id_seq
    START WITH 1
    INCREMENT BY 1
    NO MINVALUE
    NO MAXVALUE
    CACHE 1
);


--
-- Name: post; Type: TABLE; Schema: public; Owner: admin
--

CREATE TABLE public.post (
    id bigint NOT NULL,
    content character varying(255) NOT NULL,
    created_at timestamp(6) without time zone NOT NULL,
    event_id bigint NOT NULL,
    image_urls jsonb,
    owner_id character varying(255) NOT NULL,
    updated_at timestamp(6) without time zone NOT NULL
);


ALTER TABLE public.post OWNER TO admin;

--
-- Name: post_id_seq; Type: SEQUENCE; Schema: public; Owner: admin
--

ALTER TABLE public.post ALTER COLUMN id ADD GENERATED BY DEFAULT AS IDENTITY (
    SEQUENCE NAME public.post_id_seq
    START WITH 1
    INCREMENT BY 1
    NO MINVALUE
    NO MAXVALUE
    CACHE 1
);


--
-- Name: reaction; Type: TABLE; Schema: public; Owner: admin
--

CREATE TABLE public.reaction (
    id bigint NOT NULL,
    created_at timestamp(6) without time zone NOT NULL,
    owner_id character varying(255) NOT NULL,
    post_id bigint,
    type character varying(255) NOT NULL,
    updated_at timestamp(6) without time zone NOT NULL,
    CONSTRAINT reaction_type_check CHECK (((type)::text = ANY ((ARRAY['LIKE'::character varying, 'LOVE'::character varying, 'HAHA'::character varying, 'WOW'::character varying, 'SAD'::character varying, 'ANGRY'::character varying])::text[])))
);


ALTER TABLE public.reaction OWNER TO admin;

--
-- Name: reaction_id_seq; Type: SEQUENCE; Schema: public; Owner: admin
--

ALTER TABLE public.reaction ALTER COLUMN id ADD GENERATED BY DEFAULT AS IDENTITY (
    SEQUENCE NAME public.reaction_id_seq
    START WITH 1
    INCREMENT BY 1
    NO MINVALUE
    NO MAXVALUE
    CACHE 1
);


--
-- Data for Name: comment; Type: TABLE DATA; Schema: public; Owner: admin
--

COPY public.comment (id, content, created_at, owner_id, parent_id, post_id, updated_at) FROM stdin;
3	Tuyệt nhỉ	2025-12-11 19:07:06.905343	3c7fc337-528c-478a-8fb8-53cbbc266725	\N	19	2025-12-11 19:07:06.905343
1	pHẢI CHỊU	2025-12-11 19:01:23.552416	3c7fc337-528c-478a-8fb8-53cbbc266725	\N	19	2025-12-11 19:46:18.529975
4	Tuyệt quá chị hai	2025-12-11 19:46:30.482199	3c7fc337-528c-478a-8fb8-53cbbc266725	3	19	2025-12-11 19:46:36.989708
5	@User 3c7fc337-528c-478a-8fb8-53cbbc266725 Trời ơi đỉnh vậy	2025-12-11 19:47:55.657741	115404184867109357292	3	19	2025-12-11 19:47:55.657741
6	oi thoi che	2025-12-11 22:53:13.58851	115404184867109357292	\N	19	2025-12-11 23:35:21.695317
7	@Fhi Fhi Tuyệt lắm	2025-12-11 23:35:30.94911	115404184867109357292	6	19	2025-12-11 23:35:30.94911
8	@Fhi Fhi Trời ơi mê mệt\n	2025-12-11 23:50:46.104378	115404184867109357292	6	19	2025-12-11 23:50:46.104378
9	@Fhi Fhi Tuyet ha	2025-12-19 19:06:41.587121	d134ffc1-4804-4bd0-b0b5-9e4e95b30cae	6	19	2025-12-19 19:06:41.587542
11	Tôi nghĩ mọi người thật tuyệt	2025-12-21 10:29:23.702296	3c7fc337-528c-478a-8fb8-53cbbc266725	\N	22	2025-12-21 10:29:23.702296
12	Tuyet voi	2025-12-21 19:23:08.769564	3c7fc337-528c-478a-8fb8-53cbbc266725	\N	24	2025-12-21 19:23:08.771562
13	Tuyet voi	2025-12-21 19:28:54.977189	3c7fc337-528c-478a-8fb8-53cbbc266725	\N	24	2025-12-21 19:28:54.979173
15	tuyệt vời	2025-12-21 23:43:39.804724	3c7fc337-528c-478a-8fb8-53cbbc266725	\N	25	2025-12-21 23:43:39.804724
16	@Nguyen Hoang Viet Thật tuyệt	2025-12-21 23:43:51.47612	3c7fc337-528c-478a-8fb8-53cbbc266725	15	25	2025-12-21 23:43:51.47612
\.


--
-- Data for Name: post; Type: TABLE DATA; Schema: public; Owner: admin
--

COPY public.post (id, content, created_at, event_id, image_urls, owner_id, updated_at) FROM stdin;
1	ok	2025-12-10 08:18:57.797678	30	["https://firebasestorage.googleapis.com/v0/b/volunteerhub-79cf9.firebasestorage.app/o/1c607621-b556-4f78-bbfb-0792ec1c622e_letter-sprites_PhotoGrid.png?alt=media"]	3c7fc337-528c-478a-8fb8-53cbbc266725	2025-12-10 08:18:57.797678
2	ok	2025-12-10 08:18:58.392933	30	["https://firebasestorage.googleapis.com/v0/b/volunteerhub-79cf9.firebasestorage.app/o/2826eae6-e7ce-4d1f-9123-7e27f7027805_letter-sprites_PhotoGrid.png?alt=media"]	3c7fc337-528c-478a-8fb8-53cbbc266725	2025-12-10 08:18:58.392933
3	ok	2025-12-10 08:35:14.008502	30	["https://firebasestorage.googleapis.com/v0/b/volunteerhub-79cf9.firebasestorage.app/o/479495ad-08ad-472f-b3f9-f6bad4437309_letter-sprites_PhotoGrid.png?alt=media"]	3c7fc337-528c-478a-8fb8-53cbbc266725	2025-12-10 08:35:14.008502
4	ok	2025-12-10 08:47:33.497059	30	["https://firebasestorage.googleapis.com/v0/b/volunteerhub-79cf9.firebasestorage.app/o/1c8bd33b-7377-4eef-8cf1-66018edfff14_letter-sprites_PhotoGrid.png?alt=media"]	3c7fc337-528c-478a-8fb8-53cbbc266725	2025-12-10 08:47:33.497059
5	ok	2025-12-10 09:19:39.006698	30	["https://firebasestorage.googleapis.com/v0/b/volunteerhub-79cf9.firebasestorage.app/o/1ca9d196-0197-439c-9bae-37a0789825c1_letter-sprites_PhotoGrid.png?alt=media", "https://firebasestorage.googleapis.com/v0/b/volunteerhub-79cf9.firebasestorage.app/o/970d2aaf-b0ae-4dee-bea5-e8a7dca48d4f_letter-sprites_PhotoGrid.png?alt=media"]	3c7fc337-528c-478a-8fb8-53cbbc266725	2025-12-10 09:19:39.007764
6	ok	2025-12-10 09:19:40.359684	30	["https://firebasestorage.googleapis.com/v0/b/volunteerhub-79cf9.firebasestorage.app/o/4edc4e63-6323-4dc0-99fb-b1cb72634c45_letter-sprites_PhotoGrid.png?alt=media", "https://firebasestorage.googleapis.com/v0/b/volunteerhub-79cf9.firebasestorage.app/o/eaef86b9-56d6-42a8-bf8b-5d28d182b5d1_letter-sprites_PhotoGrid.png?alt=media"]	3c7fc337-528c-478a-8fb8-53cbbc266725	2025-12-10 09:19:40.360211
7	Tuyệt vời	2025-12-10 09:26:57.433024	30	["https://firebasestorage.googleapis.com/v0/b/volunteerhub-79cf9.firebasestorage.app/o/e729feb1-556f-43e2-ac3a-fed6b56cbaee_letter-sprites_PhotoGrid.png?alt=media"]	3c7fc337-528c-478a-8fb8-53cbbc266725	2025-12-10 09:26:57.437926
8	Tuyệt vời	2025-12-10 09:27:04.973883	30	["https://firebasestorage.googleapis.com/v0/b/volunteerhub-79cf9.firebasestorage.app/o/af199580-e4d7-4747-ba39-58b9ea6d0524_letter-sprites_PhotoGrid.png?alt=media"]	3c7fc337-528c-478a-8fb8-53cbbc266725	2025-12-10 09:27:04.973883
9	oke	2025-12-10 09:29:23.145156	30	["https://firebasestorage.googleapis.com/v0/b/volunteerhub-79cf9.firebasestorage.app/o/8549be57-39a6-4a99-892a-778505a5e956_letter-sprites_PhotoGrid.png?alt=media"]	3c7fc337-528c-478a-8fb8-53cbbc266725	2025-12-10 09:29:23.145156
10	Quang tùng là con rắn độc	2025-12-10 09:29:45.556595	30	["https://firebasestorage.googleapis.com/v0/b/volunteerhub-79cf9.firebasestorage.app/o/47f1b42d-71b5-433b-a602-5ba3eaed2504_letter-sprites_PhotoGrid.png?alt=media"]	3c7fc337-528c-478a-8fb8-53cbbc266725	2025-12-10 09:29:45.556595
11	ok	2025-12-10 09:40:37.612008	30	["https://firebasestorage.googleapis.com/v0/b/volunteerhub-79cf9.firebasestorage.app/o/7f61b3aa-1f70-4006-a699-d62905409c72_z6576094336747_bddc4af699de8f5f84765bec8cc4f89a.jpg?alt=media"]	3c7fc337-528c-478a-8fb8-53cbbc266725	2025-12-10 09:40:37.617324
12	Vân là con rắn độc	2025-12-10 09:45:30.484888	30	["https://firebasestorage.googleapis.com/v0/b/volunteerhub-79cf9.firebasestorage.app/o/f104ed4d-f320-466a-856c-60a512b910e5_letter-sprites_PhotoGrid.png?alt=media"]	3c7fc337-528c-478a-8fb8-53cbbc266725	2025-12-10 09:45:30.485887
13	Tuyet voi	2025-12-10 12:59:47.596073	26	["https://firebasestorage.googleapis.com/v0/b/volunteerhub-79cf9.firebasestorage.app/o/0b2c12c5-0f92-4aff-8bd6-2dad06657238_letter-sprites_PhotoGrid.png?alt=media"]	3c7fc337-528c-478a-8fb8-53cbbc266725	2025-12-10 12:59:47.596073
14	Tuyệt vời anh tổng tài ơi	2025-12-10 16:42:54.968982	26	["https://firebasestorage.googleapis.com/v0/b/volunteerhub-79cf9.firebasestorage.app/o/680cdf4a-ccb2-48aa-b3b1-28ae21bd08cf_Screenshot+2025-12-09+220406.png?alt=media"]	3c7fc337-528c-478a-8fb8-53cbbc266725	2025-12-10 16:42:54.968982
15	Anh tổng	2025-12-10 16:48:05.288816	26	["https://firebasestorage.googleapis.com/v0/b/volunteerhub-79cf9.firebasestorage.app/o/0dd9b7fa-ac4b-453d-82d7-29c1ef815d46_Screenshot+2025-12-09+220709.png?alt=media"]	3c7fc337-528c-478a-8fb8-53cbbc266725	2025-12-10 16:48:05.288816
16	Tuyệt vời môn lồn	2025-12-10 17:45:12.573763	30	["https://firebasestorage.googleapis.com/v0/b/volunteerhub-79cf9.firebasestorage.app/o/224de1b6-a091-4d82-a807-d95682481812_Screenshot+2025-12-10+084250.png?alt=media", "https://firebasestorage.googleapis.com/v0/b/volunteerhub-79cf9.firebasestorage.app/o/49a17b3c-c8f4-45cd-a38c-4b7949e0e170_Screenshot+2025-12-10+084238.png?alt=media", "https://firebasestorage.googleapis.com/v0/b/volunteerhub-79cf9.firebasestorage.app/o/27678459-1eb1-45ed-a63e-4124a3bdf596_Screenshot+2025-12-10+002340.png?alt=media", "https://firebasestorage.googleapis.com/v0/b/volunteerhub-79cf9.firebasestorage.app/o/31c6834f-fc11-4a4e-80c7-d323620c691f_Screenshot+2025-12-10+002132.png?alt=media", "https://firebasestorage.googleapis.com/v0/b/volunteerhub-79cf9.firebasestorage.app/o/29fc5889-4d13-448b-9859-121ac07fc92d_Screenshot+2025-12-10+000630.png?alt=media", "https://firebasestorage.googleapis.com/v0/b/volunteerhub-79cf9.firebasestorage.app/o/7f5c0c0a-92e2-4509-a449-286b37254e9e_Screenshot+2025-12-09+223420.png?alt=media"]	3c7fc337-528c-478a-8fb8-53cbbc266725	2025-12-10 17:45:12.573763
17	haizzz	2025-12-10 17:47:03.110885	30	["https://firebasestorage.googleapis.com/v0/b/volunteerhub-79cf9.firebasestorage.app/o/894f6f49-b746-4e40-af20-e0d528ce8bb8_Screenshot+2025-12-10+084238.png?alt=media", "https://firebasestorage.googleapis.com/v0/b/volunteerhub-79cf9.firebasestorage.app/o/295f0eab-4814-4d35-9ee4-7cb4d202ad1c_Screenshot+2025-12-10+002340.png?alt=media", "https://firebasestorage.googleapis.com/v0/b/volunteerhub-79cf9.firebasestorage.app/o/f88f7a10-a50a-42a3-86d6-a0e3aee8a6fd_Screenshot+2025-12-10+002132.png?alt=media", "https://firebasestorage.googleapis.com/v0/b/volunteerhub-79cf9.firebasestorage.app/o/c6fc642f-0a99-42e2-a6b8-b8d3b6d972f7_Screenshot+2025-12-10+000630.png?alt=media"]	3c7fc337-528c-478a-8fb8-53cbbc266725	2025-12-10 17:47:03.110885
18	Trời ơi ghép mãi không xong	2025-12-10 17:52:54.279487	30	["https://firebasestorage.googleapis.com/v0/b/volunteerhub-79cf9.firebasestorage.app/o/cac2b115-7635-4b11-9d54-d80540ae10a5_Screenshot+2025-12-09+220709.png?alt=media", "https://firebasestorage.googleapis.com/v0/b/volunteerhub-79cf9.firebasestorage.app/o/e320a86d-e96e-419f-971c-b9718168185d_Screenshot+2025-12-09+220406.png?alt=media", "https://firebasestorage.googleapis.com/v0/b/volunteerhub-79cf9.firebasestorage.app/o/a5dd89f3-fc86-4f2a-99e9-06e6ac9a2ac4_Screenshot+2025-12-09+215624.png?alt=media", "https://firebasestorage.googleapis.com/v0/b/volunteerhub-79cf9.firebasestorage.app/o/528ae886-91e6-4dcb-b11e-2304b84ff461_Screenshot+2025-12-09+214820.png?alt=media"]	3c7fc337-528c-478a-8fb8-53cbbc266725	2025-12-10 17:52:54.279487
19	Tuyệt vời anh ơi	2025-12-10 23:40:50.25014	26	["https://firebasestorage.googleapis.com/v0/b/volunteerhub-79cf9.firebasestorage.app/o/b659c5e2-e7a0-4cd8-be49-1199a1bff97f_z7309109941189_0cc374e693fb3ed18f98633e4ad5e87c.jpg?alt=media", "https://firebasestorage.googleapis.com/v0/b/volunteerhub-79cf9.firebasestorage.app/o/36a1fc70-afe1-4890-91f2-b75a543d9c79_23020170_Nguyen+Hoang+Viet.jpg?alt=media"]	ef87abed-f4ad-4647-8c95-e4f34f34dbba	2025-12-10 23:40:50.25014
21	Tuyệt vời	2025-12-20 20:42:22.555645	36	["https://firebasestorage.googleapis.com/v0/b/volunteerhub-79cf9.firebasestorage.app/o/65a4ed62-3c65-48e5-9caf-d1a494acf435_17-03-2024-quan-12-to-chuc-ngay-chu-nhat-xanh-hanh-dong-vi-moi-truong-xanh-nep-song-xanh-nam-2024-F0B2E751-details.jpg?alt=media"]	d134ffc1-4804-4bd0-b0b5-9e4e95b30cae	2025-12-20 20:42:22.556644
22	Tuyệt vời lắm hẹn mọi người vào thứ 3 nhé	2025-12-21 10:25:55.76485	39	["https://firebasestorage.googleapis.com/v0/b/volunteerhub-79cf9.firebasestorage.app/o/6d16a285-8ec8-4b90-8136-6342d891621c_volunteer-blog-photo-scaled.jpg?alt=media"]	3c7fc337-528c-478a-8fb8-53cbbc266725	2025-12-21 10:25:55.76485
23	Tuyệt vời quá cả nhà ơi	2025-12-21 10:54:38.342602	39	["https://firebasestorage.googleapis.com/v0/b/volunteerhub-79cf9.firebasestorage.app/o/2ac988c9-04e7-4fe0-ae06-d3ba8f557bda_17-03-2024-quan-12-to-chuc-ngay-chu-nhat-xanh-hanh-dong-vi-moi-truong-xanh-nep-song-xanh-nam-2024-F0B2E751-details.jpg?alt=media", "https://firebasestorage.googleapis.com/v0/b/volunteerhub-79cf9.firebasestorage.app/o/b69f5904-b653-4020-b0c4-f23aa352410c_R.jpg?alt=media", "https://firebasestorage.googleapis.com/v0/b/volunteerhub-79cf9.firebasestorage.app/o/c0553da0-651f-49ec-aafc-6e5f3130446d_volunteer-blog-photo-scaled.jpg?alt=media"]	3c7fc337-528c-478a-8fb8-53cbbc266725	2025-12-21 10:54:38.342602
24	Tuyệt vời	2025-12-21 12:37:25.737507	26	["https://firebasestorage.googleapis.com/v0/b/volunteerhub-79cf9.firebasestorage.app/o/fd92cf3d-4d2e-4e59-9c7b-3d826f5b1aae_17-03-2024-quan-12-to-chuc-ngay-chu-nhat-xanh-hanh-dong-vi-moi-truong-xanh-nep-song-xanh-nam-2024-F0B2E751-details.jpg?alt=media"]	5fc47331-6243-4997-b08b-d18af4420aa5	2025-12-21 12:37:46.726836
25	Hôm nay rất vui cảm ơn mọi người	2025-12-21 23:42:59.116938	40	["https://firebasestorage.googleapis.com/v0/b/volunteerhub-79cf9.firebasestorage.app/o/419bf834-dc66-43db-b136-0c2381c31e08_17-03-2024-quan-12-to-chuc-ngay-chu-nhat-xanh-hanh-dong-vi-moi-truong-xanh-nep-song-xanh-nam-2024-F0B2E751-details.jpg?alt=media", "https://firebasestorage.googleapis.com/v0/b/volunteerhub-79cf9.firebasestorage.app/o/75e8067f-d5dd-4e04-a057-462318df1332_R.jpg?alt=media", "https://firebasestorage.googleapis.com/v0/b/volunteerhub-79cf9.firebasestorage.app/o/1992c99a-820e-4bde-b0c8-e0e783bf3c53_volunteer-blog-photo-scaled.jpg?alt=media"]	3c7fc337-528c-478a-8fb8-53cbbc266725	2025-12-21 23:42:59.116938
26	TÔI RẤT MONG CHỜ NGÀY MAI	2025-12-21 23:52:22.804096	42	["https://firebasestorage.googleapis.com/v0/b/volunteerhub-79cf9.firebasestorage.app/o/e3ea62b6-541a-407e-9607-e18415dd33a6_17-03-2024-quan-12-to-chuc-ngay-chu-nhat-xanh-hanh-dong-vi-moi-truong-xanh-nep-song-xanh-nam-2024-F0B2E751-details.jpg?alt=media"]	d134ffc1-4804-4bd0-b0b5-9e4e95b30cae	2025-12-21 23:52:22.804096
\.


--
-- Data for Name: reaction; Type: TABLE DATA; Schema: public; Owner: admin
--

COPY public.reaction (id, created_at, owner_id, post_id, type, updated_at) FROM stdin;
1	2025-12-19 20:12:19.513949	d134ffc1-4804-4bd0-b0b5-9e4e95b30cae	14	LIKE	2025-12-19 20:12:19.513949
8	2025-12-19 20:16:50.368588	d134ffc1-4804-4bd0-b0b5-9e4e95b30cae	19	LIKE	2025-12-19 20:16:50.368588
41	2025-12-20 23:32:13.831884	3c7fc337-528c-478a-8fb8-53cbbc266725	21	LOVE	2025-12-20 23:32:13.831884
42	2025-12-21 10:29:00.884214	3c7fc337-528c-478a-8fb8-53cbbc266725	22	LOVE	2025-12-21 10:29:00.885215
44	2025-12-21 13:46:37.568413	d134ffc1-4804-4bd0-b0b5-9e4e95b30cae	13	LOVE	2025-12-21 13:46:37.568413
45	2025-12-21 19:01:59.184762	3c7fc337-528c-478a-8fb8-53cbbc266725	23	WOW	2025-12-21 19:02:00.553413
46	2025-12-21 23:43:07.054137	3c7fc337-528c-478a-8fb8-53cbbc266725	25	WOW	2025-12-21 23:43:09.906518
47	2025-12-21 23:52:37.051376	d134ffc1-4804-4bd0-b0b5-9e4e95b30cae	26	HAHA	2025-12-21 23:52:37.051376
28	2025-12-20 22:57:17.752256	d134ffc1-4804-4bd0-b0b5-9e4e95b30cae	21	LOVE	2025-12-20 23:19:30.477789
\.


--
-- Name: comment_id_seq; Type: SEQUENCE SET; Schema: public; Owner: admin
--

SELECT pg_catalog.setval('public.comment_id_seq', 16, true);


--
-- Name: post_id_seq; Type: SEQUENCE SET; Schema: public; Owner: admin
--

SELECT pg_catalog.setval('public.post_id_seq', 26, true);


--
-- Name: reaction_id_seq; Type: SEQUENCE SET; Schema: public; Owner: admin
--

SELECT pg_catalog.setval('public.reaction_id_seq', 47, true);


--
-- Name: comment comment_pkey; Type: CONSTRAINT; Schema: public; Owner: admin
--

ALTER TABLE ONLY public.comment
    ADD CONSTRAINT comment_pkey PRIMARY KEY (id);


--
-- Name: post post_pkey; Type: CONSTRAINT; Schema: public; Owner: admin
--

ALTER TABLE ONLY public.post
    ADD CONSTRAINT post_pkey PRIMARY KEY (id);


--
-- Name: reaction reaction_pkey; Type: CONSTRAINT; Schema: public; Owner: admin
--

ALTER TABLE ONLY public.reaction
    ADD CONSTRAINT reaction_pkey PRIMARY KEY (id);


--
-- Name: reaction uk_owner_post; Type: CONSTRAINT; Schema: public; Owner: admin
--

ALTER TABLE ONLY public.reaction
    ADD CONSTRAINT uk_owner_post UNIQUE (owner_id, post_id);


--
-- Name: idx_comment_post_id; Type: INDEX; Schema: public; Owner: admin
--

CREATE INDEX idx_comment_post_id ON public.comment USING btree (post_id);


--
-- Name: idx_post_event_id; Type: INDEX; Schema: public; Owner: admin
--

CREATE INDEX idx_post_event_id ON public.post USING btree (event_id);


--
-- Name: idx_reaction_post_id; Type: INDEX; Schema: public; Owner: admin
--

CREATE INDEX idx_reaction_post_id ON public.reaction USING btree (post_id);


--
-- Name: reaction fkathfhl7fif9f9mggdjhg7ktdt; Type: FK CONSTRAINT; Schema: public; Owner: admin
--

ALTER TABLE ONLY public.reaction
    ADD CONSTRAINT fkathfhl7fif9f9mggdjhg7ktdt FOREIGN KEY (post_id) REFERENCES public.post(id);


--
-- Name: comment fkde3rfu96lep00br5ov0mdieyt; Type: FK CONSTRAINT; Schema: public; Owner: admin
--

ALTER TABLE ONLY public.comment
    ADD CONSTRAINT fkde3rfu96lep00br5ov0mdieyt FOREIGN KEY (parent_id) REFERENCES public.comment(id);


--
-- Name: comment fks1slvnkuemjsq2kj4h3vhx7i1; Type: FK CONSTRAINT; Schema: public; Owner: admin
--

ALTER TABLE ONLY public.comment
    ADD CONSTRAINT fks1slvnkuemjsq2kj4h3vhx7i1 FOREIGN KEY (post_id) REFERENCES public.post(id);


--
-- PostgreSQL database dump complete
--

\unrestrict hZ1rUfv0fZxpcTGiY2Z86Qo92dF4tRiOz3OKTIfPIjFLli8qwWz1KHBoindk9Pd

